PMID,Title,Authors,Citation,First Author,Journal/Book,Publication Year,Create Date,DOI,Prediction,Segmentation,Radiomics Constrast/Texture,Classification,Super Resolution,Clustering,Data Reduction,Data Integration,ML_Task,Modality,Species,In Vivo or Ex Vivo,Model,Accuracy
12610302,Homo erectus calvarium from the Pleistocene of Java,"Baba H, Aziz F, Kaifu Y, Suwa G, Kono RT, Jacob T.",Science. 2003 Feb 28;299(5611):1384-8. doi: 10.1126/science.1081676.,Baba H,Science,2003,3/1/03,10.1126/science.1081676,,,,,,,Yes,,Data Reduction,microCT,Human,Ex Vivo,Principal Component Analysis,
14667134,Architectural measures of the cancellous bone of the mandibular condyle identified by principal components analysis,"Giesen EB, Ding M, Dalstra M, van Eijden TM.",Calcif Tissue Int. 2003 Sep;73(3):225-31. doi: 10.1007/s00223-002-0002-4.,Giesen EB,Calcif Tissue Int,2003,12/12/03,10.1007/s00223-002-0002-4,,,,,,,Yes,,Data Reduction,microCT,Human,Ex Vivo,Principal Component Analysis,
16510968,Ultrasonic characterization of human trabecular bone microstructure,"Hakulinen MA, Day JS, Töyräs J, Weinans H, Jurvelin JS.",Phys Med Biol. 2006 Mar 21;51(6):1633-48. doi: 10.1088/0031-9155/51/6/019. Epub 2006 Mar 1.,Hakulinen MA,Phys Med Biol,2006,3/3/06,10.1088/0031-9155/51/6/019,,,,,,,Yes,,Data Reduction,microCT,human,Ex Vivo,Principal Component Analysis,
18665795,High-resolution pQCT analysis at the distal radius and tibia discriminates patients with recent wrist and femoral neck fractures,"Vico L, Zouch M, Amirouche A, Frère D, Laroche N, Koller B, Laib A, Thomas T, Alexandre C.",J Bone Miner Res. 2008 Nov;23(11):1741-50. doi: 10.1359/jbmr.080704.,Vico L,J Bone Miner Res,2008,7/31/08,10.1359/jbmr.080704,,,,,,,Yes,,Data Reduction,HRpQCT,Human,Ex Vivo,Principal Component Analysis,0.8
19013264,"Micro-computed tomography assessment of fracture healing: relationships among callus structure, composition, and mechanical function","Morgan EF, Mason ZD, Chien KB, Pfeiffer AJ, Barnes GL, Einhorn TA, Gerstenfeld LC.",Bone. 2009 Feb;44(2):335-44. doi: 10.1016/j.bone.2008.10.039. Epub 2008 Oct 25.,Morgan EF,Bone,2009,11/18/08,10.1016/j.bone.2008.10.039,Yes,,,,,,Yes,,Data Reduction; Prediction,microCT,Mouse,Ex Vivo,Principal Component Analysis; Stepwise Regression,0.97
19081191,"Unravelling the relationship between age, nociception and joint destruction in naturally occurring osteoarthritis of Dunkin Hartley guinea pigs","McDougall JJ, Andruski B, Schuelert N, Hallgrímsson B, Matyas JR.",Pain. 2009 Feb;141(3):222-232. doi: 10.1016/j.pain.2008.10.013. Epub 2008 Dec 9.,McDougall JJ,Pain,2009,12/17/08,10.1016/j.pain.2008.10.013,,,,,,,Yes,,Data Reduction,microCT,Guinea Pig,Ex Vivo,Categorical Principal Component Analysis; Principal Component Analysis,Not Reported
20044044,Finite element analysis performed on radius and tibia HR-pQCT images and fragility fractures at all sites in postmenopausal women,"Vilayphiou N, Boutroy S, Sornay-Rendu E, Van Rietbergen B, Munoz F, Delmas PD, Chapurlat R.",Bone. 2010 Apr;46(4):1030-7. doi: 10.1016/j.bone.2009.12.015. Epub 2010 Jan 4.,Vilayphiou N,Bone,2010,1/2/10,10.1016/j.bone.2009.12.015,,,,Yes,,,Yes into ML,,Data Reduction; Classification,HRpQCT,Human,In Vivo,Principal Component Analysis; Conditional Logistic Regression,0.77
20719359,Mandibular molar root morphology in Neanderthals and Late Pleistocene and recent Homo sapiens,"Kupczik K, Hublin JJ.",J Hum Evol. 2010 Nov;59(5):525-41. doi: 10.1016/j.jhevol.2010.05.009. Epub 2010 Aug 16.,Kupczik K,J Hum Evol,2010,8/20/10,10.1016/j.jhevol.2010.05.009,,,,,,,Yes,,Data Reduction,microCT,Human,Ex Vivo,Principal Component Analysis,
21381487,Validation of a morphometric reconstruction technique applied to a juvenile pelvis,"Watson PJ, O'Higgins P, Fagan MJ, Dobson CA.",Proc Inst Mech Eng H. 2011 Jan;225(1):48-57. doi: 10.1243/09544119JEIM810.,Watson PJ,Proc Inst Mech Eng H,2011,3/9/11,10.1243/09544119JEIM810,,,,,,,Yes,,Data Reduction,HRpQCT,Human,Ex Vivo,Principal Component Analysis,
21541999,Finite element analysis performed on radius and tibia HR-pQCT images and fragility fractures at all sites in men,"Vilayphiou N, Boutroy S, Szulc P, van Rietbergen B, Munoz F, Delmas PD, Chapurlat R.",J Bone Miner Res. 2011 May;26(5):965-73. doi: 10.1002/jbmr.297.,Vilayphiou N,J Bone Miner Res,2011,5/5/11,10.1002/jbmr.297,,,,Yes,,,Yes into ML,,Data Reduction; Classification,HRpQCT,Human,In Vivo,Principal Component Analysis; Conditional Logistic Regression,0.83
21316489,Evaluation of 3-D bioactive glass scaffolds dissolution in a perfusion flow system with X-ray microtomography,"Yue S, Lee PD, Poologasundarampillai G, Jones JR.",Acta Biomater. 2011 Jun;7(6):2637-43. doi: 10.1016/j.actbio.2011.02.009. Epub 2011 Feb 26.,Yue S,Acta Biomater,2011,2/15/11,10.1016/j.actbio.2011.02.009,,,,,,,Yes,,Data Reduction,microCT,N/A,Ex Vivo,Principal Component Analysis,
21859613,Estimation of mouse organ locations through registration of a statistical mouse atlas with micro-CT images,"Wang H, Stout DB, Chatziioannou AF.",IEEE Trans Med Imaging. 2012 Jan;31(1):88-102. doi: 10.1109/TMI.2011.2165294. Epub 2011 Aug 18.,Wang H,IEEE Trans Med Imaging,2012,8/24/11,10.1109/TMI.2011.2165294,,Yes,,,,Yes,Yes,,Data Reduction; Clustering; Segmentation,microCT,Mouse,In Vivo,Principal Component Analysis; ISODATA Clustering; Segmentation,Not Reported
22367889,Assessing fracture risk using gradient boosting machine (GBM) models,"Atkinson EJ, Therneau TM, Melton LJ 3rd, Camp JJ, Achenbach SJ, Amin S, Khosta S.",J Bone Miner Res. 2012 Jun;27(6):1397-404. doi: 10.1002/jbmr.1577.,Atkinson EJ,J Bone Miner Res,2012,2/28/12,10.1002/jbmr.1577,,,,Yes,,,,,Classification,HRpQCT,Human,In Vivo,Gradient Boosting; Logistic Regression,0.82; 0.95
23643862,Architecture of cortical bone determines in part its remodelling and structural decay,"Bui M, Bjørnerem A, Ghasem-Zadeh A, Dite GS, Hopper JL, Seeman E.",Bone. 2013 Aug;55(2):353-8. doi: 10.1016/j.bone.2013.04.020. Epub 2013 May 1.,Bui M,Bone,2013,5/7/13,10.1016/j.bone.2013.04.020,,,,,,,Yes,,Data Reduction,HRpQCT,Human,In Vivo,Principal Component Analysis,0.8
23334951,Full supervised learning for osteoporosis diagnosis using micro-CT images,"Xu Y, Li D, Chen Q, Fan Y.",Microsc Res Tech. 2013 Apr;76(4):333-41. doi: 10.1002/jemt.22171. Epub 2013 Jan 17.,Xu Y,Microsc Res Tech,2013,1/22/13,10.1002/jemt.22171,,,,Yes,,,,,Classification,microCT,Human,Ex Vivo,Support Vector Machine; K-Nearest Neighbor,1
23997760,Automated Segmentation and Object Classification of CT Images: Application to In Vivo Molecular Imaging of Avian Embryos,"Heidrich A, Schmidt J, Zimmermann J, Saluz HP.",Int J Biomed Imaging. 2013;2013:508474. doi: 10.1155/2013/508474. Epub 2013 Aug 12.,Heidrich A,Int J Biomed Imaging,2013,9/3/13,10.1155/2013/508474,,,,Yes,,,,,Classification,microCT,chicken,In Vivo,Support Vector Machine,0.98
23863990,The intravertebral distribution of bone density: correspondence to intervertebral disc health and implications for vertebral strength,"Hussein AI, Jackman TM, Morgan SR, Barest GD, Morgan EF.",Osteoporos Int. 2013 Dec;24(12):3021-30. doi: 10.1007/s00198-013-2417-3. Epub 2013 Jul 18.,Hussein AI,Osteoporos Int,2013,7/19/13,10.1007/s00198-013-2417-3,,,,,,Yes,,,Clustering,microCT,Human,Ex Vivo,Ward Clustering,0.6;
23313281,Computational identification and quantification of trabecular microarchitecture classes by 3-D texture analysis-based clustering,"Valentinitsch A, Patsch JM, Burghardt AJ, Link TM, Majumdar S, Fischer L, Schueller-Weidekamm C, Resch H, Kainberger F, Langs G.",Bone. 2013 May;54(1):133-40. doi: 10.1016/j.bone.2012.12.047. Epub 2013 Jan 10.,Valentinitsch A,Bone,2013,1/15/13,10.1016/j.bone.2012.12.047,,,Yes,Yes,,Yes,,,Clustering; Radiomics; Classification,HRpQCT,Human,In Vivo; Ex Vivo,Gaussian Mixture Model Clustering; Linear Discriminant Analysis; Naive Bayes Classification,0.67
23268378,Mechanical competence of bone: a new parameter to grade trabecular bone fragility from tortuosity and elasticity,"Roque WL, Arcaro K, Alberich-Bayarri A.",IEEE Trans Biomed Eng. 2013 May;60(5):1363-70. doi: 10.1109/TBME.2012.2234457. Epub 2012 Dec 20.,Roque WL,IEEE Trans Biomed Eng,2013,12/27/12,10.1109/TBME.2012.2234457,,,,,,,Yes,,Data Reduction,microCT,Human,Ex Vivo,Principal Component Analysis,
23179565,Women with previous fragility fractures can be classified based on bone microarchitecture and finite element analysis measured with HR-pQCT,"Nishiyama KK, Macdonald HM, Hanley DA, Boyd SK.",Osteoporos Int. 2013 May;24(5):1733-40. doi: 10.1007/s00198-012-2160-1. Epub 2012 Nov 20.,Nishiyama KK,Osteoporos Int,2013,11/27/12,10.1007/s00198-012-2160-1,,,,Yes,,,,,Classification,HRpQCT,Human,In Vivo,Support Vector Machine,0.8
24839056,"Bone quality in prehistoric, Cis-Baikal forager femora: a micro-CT analysis of cortical canal microstructure","Faccia K, Buie H, Weber A, Bazaliiskii VI, Goriunova OI, Boyd S, Hallgrímsson B, Katzenberg MA.",Am J Phys Anthropol. 2014 Aug;154(4):486-97. doi: 10.1002/ajpa.22533. Epub 2014 May 19.,Faccia K,Am J Phys Anthropol,2014,5/20/14,10.1002/ajpa.22533,,,,,,,Yes,,Data Reduction,microCT,Human,Ex Vivo,Principal Component Analysis,0.98
24651767,The cervical spine of the American barn owl (Tyto furcata pratincola): I. Anatomy of the vertebrae and regionalization in their S-shaped arrangement,"Krings M, Nyakatura JA, Fischer MS, Wagner H.",PLoS One. 2014 Mar 20;9(3):e91653. doi: 10.1371/journal.pone.0091653. eCollection 2014.,Krings M,PLoS One,2014,3/22/14,10.1371/journal.pone.0091653,,,,,,Yes,,,Clustering,microCT,Owl,Ex Vivo,K-Means Clustering,
30035065,Computational anatomy of the proximal humerus: An ex vivo high-resolution peripheral quantitative computed tomography study,"Kamer L, Noser H, Popp AW, Lenz M, Blauth M.",J Orthop Translat. 2015 Oct 20;4:46-56. doi: 10.1016/j.jot.2015.09.006. eCollection 2016 Jan.,Kamer L,J Orthop Translat,2015,7/24/18,10.1016/j.jot.2015.09.006,,,,,,,Yes,,Data Reduction,HRpQCT,Human,Ex Vivo,Principal Component Analysis,0.95
26716008,Heidelberg-mCT-Analyzer: a novel method for standardized microcomputed-tomography-guided evaluation of scaffold properties in bone and tissue research,"Westhauser F, Weis C, Hoellig M, Swing T, Schmidmaier G, Weber MA, Stiller W, Kauczor HU, Moghaddam A.",R Soc Open Sci. 2015 Nov 11;2(11):150496. doi: 10.1098/rsos.150496. eCollection 2015 Nov.,Westhauser F,R Soc Open Sci,2015,12/31/15,10.1098/rsos.150496,,Yes,,,,Yes,,,Segmentation; Clustering,microCT,Mouse,Ex Vivo,Fuzzy Clustering,Not Reported
26104807,Apparent- and Tissue-Level Yield Behaviors of L4 Vertebral Trabecular Bone and Their Associations with Microarchitectures,"Gong H, Wang L, Fan Y, Zhang M, Qin L.",Ann Biomed Eng. 2016 Apr;44(4):1204-23. doi: 10.1007/s10439-015-1368-6. Epub 2015 Jun 24.,Gong H,Ann Biomed Eng,2016,6/25/15,10.1007/s10439-015-1368-6,,,,,,,Yes,,Data Reduction,microCT,Human,Ex Vivo,Principal Component Analysis,0.81
28042512,THE MEASUREMENT OF BONE QUALITY USING GRAY LEVEL CO-OCCURRENCE MATRIX TEXTURAL FEATURES,"Shirvaikar M, Huang N, Dong XN.",J Med Imaging Health Inform. 2016 Oct;6(6):1357-1362. doi: 10.1166/jmihi.2016.1812.,Shirvaikar M,J Med Imaging Health Inform,2016,1/3/17,10.1166/jmihi.2016.1812,,,Yes,,,,,,Radiomics,microCT,Human,Ex Vivo,Radiomics-GLCM,; 0.4
27130873,Cluster analysis of bone microarchitecture from high resolution peripheral quantitative computed tomography demonstrates two separate phenotypes associated with high fracture risk in men and women,"Edwards MH, Robinson DE, Ward KA, Javaid MK, Walker-Bone K, Cooper C, Dennison EM.",Bone. 2016 Jul;88:131-137. doi: 10.1016/j.bone.2016.04.025. Epub 2016 Apr 26.,Edwards MH,Bone,2016,5/1/16,10.1016/j.bone.2016.04.025,,,,Yes,,Yes,,,Classification; Clustering,HRpQCT,Human,In Vivo,K-Means Clustering; Logistic Regression,Not Reported
26293309,Patterns of activity adaptation in humeral trabecular bone in Neolithic humans and present-day people,"Scherf H, Wahl J, Hublin JJ, Harvati K.",Am J Phys Anthropol. 2016 Jan;159(1):106-15. doi: 10.1002/ajpa.22835. Epub 2015 Aug 21.,Scherf H,Am J Phys Anthropol,2016,8/22/15,10.1002/ajpa.22835,,,,,,,Yes,,Data Reduction,microCT,Human,Ex Vivo,Principal Component Analysis,
26426826,Genetics of murine craniofacial morphology: diallel analysis of the eight founders of the Collaborative Cross,"Percival CJ, Liberton DK, Pardo-Manuel de Villena F, Spritz R, Marcucio R, Hallgrímsson B.",J Anat. 2016 Jan;228(1):96-112. doi: 10.1111/joa.12382. Epub 2015 Oct 1.,Percival CJ,J Anat,2016,10/2/15,10.1111/joa.12382,,,,,,,Yes,,Data Reduction,microCT,Mouse,Ex Vivo,Principal Component Analysis,
26901355,A Non-Destructive Method for Distinguishing Reindeer Antler (Rangifer tarandus) from Red Deer Antler (Cervus elaphus) Using X-Ray Micro-Tomography Coupled with SVM Classifiers,"Lefebvre A, Rochefort GY, Santos F, Le Denmat D, Salmon B, Pétillon JM.",PLoS One. 2016 Feb 22;11(2):e0149658. doi: 10.1371/journal.pone.0149658. eCollection 2016.,Lefebvre A,PLoS One,2016,2/23/16,10.1371/journal.pone.0149658,,,,Yes,,,Yes,,Data Reduction; Classification,microCT,Deer,Ex Vivo,Principal Component Analysis; Support Vector Machine,0.96
27329823,Patterns of postnatal ontogeny of the skull and lower jaw of snakes as revealed by micro-CT scan data and three-dimensional geometric morphometrics,"Palci A, Lee MS, Hutchinson MN.",J Anat. 2016 Dec;229(6):723-754. doi: 10.1111/joa.12509. Epub 2016 Jun 22.,Palci A,J Anat,2016,6/23/16,10.1111/joa.12509,,,,,,,Yes,,Data Reduction,microCT,Snakes,Ex Vivo,Principal Component Analysis,
28573732,Error in geometric morphometric data collection: Combining data from multiple sources,"Robinson C, Terhune CE.",Am J Phys Anthropol. 2017 Sep;164(1):62-75. doi: 10.1002/ajpa.23257. Epub 2017 Jun 2.,Robinson C,Am J Phys Anthropol,2017,6/3/17,10.1002/ajpa.23257,,,,,,,Yes,,Data Reduction,microCT,Monkey,Ex Vivo,Principal Component Analysis,0.65
28060917,A Novel Mouse Segmentation Method Based on Dynamic Contrast Enhanced Micro-CT Images,"Yan D, Zhang Z, Luo Q, Yang X.",PLoS One. 2017 Jan 6;12(1):e0169424. doi: 10.1371/journal.pone.0169424. eCollection 2017.,Yan D,PLoS One,2017,1/7/17,10.1371/journal.pone.0169424,,,,Yes,Yes,Yes,Yes into ML,,Data Reduction; Clustering; Super Resolution; Classification,microCT,mouse,In Vivo,Principal Component Analysis; Simple linear iterative clustering algorithm (SLIC); Support Vector Machine; Random Forest,0.9; 0.2; 0.1
28693418,"Phylogenetic conservatism in skulls and evolutionary lability in limbs - morphological evolution across an ancient frog radiation is shaped by diet, locomotion and burrowing","Vidal-García M, Scott Keogh J.",BMC Evol Biol. 2017 Jul 10;17(1):165. doi: 10.1186/s12862-017-0993-0.,Vidal-García M,BMC Evol Biol,2017,7/12/17,10.1186/s12862-017-0993-0,,,,,,,Yes,,Data Reduction,microCT,Frogs,Ex Vivo,Principal Component Analysis,
27177907,Micro-CT assessment of changes in the morphology and position of the immature mandibular canal during early growth,"Hutchinson EF, Florentino G, Hoffman J, Kramer B.",Surg Radiol Anat. 2017 Feb;39(2):185-194. doi: 10.1007/s00276-016-1694-x. Epub 2016 May 13.,Hutchinson EF,Surg Radiol Anat,2017,5/15/16,10.1007/s00276-016-1694-x,,,,,,,Yes,,Data Reduction,microCT,Human,Ex Vivo,Principal Component Analysis,
28077378,Peripheral skeleton bone strength is positively correlated with total and dairy protein intakes in healthy postmenopausal women,"Durosier-Izart C, Biver E, Merminod F, van Rietbergen B, Chevalley T, Herrmann FR, Ferrari SL, Rizzoli R.",Am J Clin Nutr. 2017 Feb;105(2):513-525. doi: 10.3945/ajcn.116.134676. Epub 2017 Jan 11.,Durosier-Izart C,Am J Clin Nutr,2017,1/13/17,10.3945/ajcn.116.134676,,,,,,,Yes ,,Data Reduction,HRpQCT,Human,In Vivo,Principal Component Analysis,
29187770,Classification of micro-CT images using 3D characterization of bone canal patterns in human osteogenesis imperfecta,"Abidin AZ, Jameson J, Molthen R, Wismüller A.",Proc SPIE Int Soc Opt Eng. 2017 Mar;10134:1013413. doi: 10.1117/12.2254421.,Abidin AZ,Proc SPIE Int Soc Opt Eng,2017,12/1/17,10.1117/12.2254421,,,Yes,Yes,,,,,Radiomics; Classification,microCT,Human,Ex Vivo,Minkowski Functionals; Support Vector Machine,0.85
29446086,Subchondral bone morphology in the metacarpus of racehorses in training changes with distance from the articular surface but not with age,"Martig S, Hitchens PL, Stevenson MA, Whitton RC.",J Anat. 2018 Jun;232(6):919-930. doi: 10.1111/joa.12794. Epub 2018 Feb 15.,Martig S,J Anat,2018,2/16/18,10.1111/joa.12794,,,,,,,Yes,,Data Reduction,microCT,Equine,Ex Vivo,Principal Component Analysis,0.93
28593731,Multimodal-3D imaging based on μMRI and μCT techniques bridges the gap with histology in visualization of the bone regeneration process,"Sinibaldi R, Conti A, Sinjari B, Spadone S, Pecci R, Palombo M, Komlev VS, Ortore MG, Tromba G, Capuani S, Guidotti R, De Luca F, Caputi S, Traini T, Della Penna S.",J Tissue Eng Regen Med. 2018 Mar;12(3):750-761. doi: 10.1002/term.2494. Epub 2017 Oct 2.,Sinibaldi R,J Tissue Eng Regen Med,2018,6/9/17,10.1002/term.2494,,,,,,Yes,,,Clustering,microCT,Human,Ex Vivo,K-Means Clustering,Not Reported
28692998,A New Ensemble Classification System For Fracture Zone Prediction Using Imbalanced Micro-CT Bone Morphometrical Data,"Korfiatis VC, Tassani S, Matsopoulos GK, Korfiatis VC, Tassani S, Matsopoulos GK.",IEEE J Biomed Health Inform. 2018 Jul;22(4):1189-1196. doi: 10.1109/JBHI.2017.2723463. Epub 2017 Jul 4.,Korfiatis VC,IEEE J Biomed Health Inform,2018,7/11/17,10.1109/JBHI.2017.2723463,,,,Yes,,,,,Classification,microCT,Human,Ex Vivo,Ensemble of Imbalanced Learning,0.9
29758447,"Experimental sharp force injuries to ribs: Multimodal morphological and geometric morphometric analyses using micro-CT, macro photography and SEM","Komo L, Grassberger M.",Forensic Sci Int. 2018 Jul;288:189-200. doi: 10.1016/j.forsciint.2018.04.048. Epub 2018 May 1.,Komo L,Forensic Sci Int,2018,5/15/18,10.1016/j.forsciint.2018.04.048,,,,,,,Yes,,Data Reduction,microCT,Pig,Ex Vivo,Principal Component Analysis,0.92
29492335,MIA-Clustering: a novel method for segmentation of paleontological material,"Dunmore CJ, Wollny G, Skinner MM.",PeerJ. 2018 Feb 23;6:e4374. doi: 10.7717/peerj.4374. eCollection 2018.,Dunmore CJ,PeerJ,2018,3/2/18,10.7717/peerj.4374,,Yes,,Yes,,Yes,,,Segmentation; Clustering; Classification,microCT,primates,Ex Vivo,Fuzzy c-means; K-Means Clustering,Not Reported
28913616,Bone Phenotype Assessed by HRpQCT and Associations with Fracture Risk in the GLOW Study,"Litwic AE, Westbury LD, Robinson DE, Ward KA, Cooper C, Dennison EM.",Calcif Tissue Int. 2018 Jan;102(1):14-22. doi: 10.1007/s00223-017-0325-9. Epub 2017 Sep 14.,Litwic AE,Calcif Tissue Int,2018,9/16/17,10.1007/s00223-017-0325-9,,,,,,Yes,,,Clustering,HRpQCT,Human,In Vivo,K-Means Clustering,Not Reported
29740057,Mechanical adaptation of trabecular bone morphology in the mammalian mandible,"Watson PJ, Fitton LC, Meloro C, Fagan MJ, Gröning F.",Sci Rep. 2018 May 8;8(1):7277. doi: 10.1038/s41598-018-25597-0.,Watson PJ,Sci Rep,2018,5/10/18,10.1038/s41598-018-25597-0,,,,,,,Yes,,Data Reduction,microCT,Human,Ex Vivo,Principal Component Analysis,
29931462,Diet Quality and Bone Measurements Using HRpQCT and pQCT in Older Community-Dwelling Adults from the Hertfordshire Cohort Study,"Shaw SC, Parsons CM, Fuggle NR, Edwards MH, Robinson SM, Dennison EM, Cooper C, Ward KA.",Calcif Tissue Int. 2018 Nov;103(5):494-500. doi: 10.1007/s00223-018-0445-x. Epub 2018 Jun 21.,Shaw SC,Calcif Tissue Int,2018,6/23/18,10.1007/s00223-018-0445-x,,,,,,,Yes,,Data Reduction,HRpQCT,Human,In Vivo,Principal Component Analysis,
30184248,Flesh and bone: An integrative approach towards sexual size dimorphism of a terrestrial salamander (genus Salamandrina),"Pogoda P, Kupfer A.",J Morphol. 2018 Oct;279(10):1468-1479. doi: 10.1002/jmor.20883. Epub 2018 Sep 5.,Pogoda P,J Morphol,2018,9/6/18,10.1002/jmor.20883,,,,,,,Yes,,Data Reduction,microCT,Salamanders,Ex Vivo,Principal Component Analysis,
29239487,Evolution of skull shape in the family Salamandridae (Amphibia: Caudata),"Ivanović A, Arntzen JW.",J Anat. 2018 Mar;232(3):359-370. doi: 10.1111/joa.12759. Epub 2017 Dec 14.,Ivanović A,J Anat,2018,12/15/17,10.1111/joa.12759,,,,,,,Yes,,Data Reduction,microCT,Salamanders,Ex Vivo,Principal Component Analysis,
31187198,Cluster Analysis of Finite Element Analysis and Bone Microarchitectural Parameters Identifies Phenotypes with High Fracture Risk,"Westbury LD, Shere C, Edwards MH, Cooper C, Dennison EM, Ward KA.",Calcif Tissue Int. 2019 Sep;105(3):252-262. doi: 10.1007/s00223-019-00564-7. Epub 2019 Jun 11.,Westbury LD,Calcif Tissue Int,2019,6/13/19,10.1007/s00223-019-00564-7,,,,Yes,,Yes,,,Clustering; Classification,HRpQCT,Human,In Vivo,K-Means Clustering; Logistic Regression,0.7
30471462,Supervised learning for bone shape and cortical thickness estimation from CT images for finite element analysis,"Chandran V, Maquer G, Gerig T, Zysset P, Reyes M.",Med Image Anal. 2019 Feb;52:42-55. doi: 10.1016/j.media.2018.11.001. Epub 2018 Nov 16.,Chandran V,Med Image Anal,2019,11/25/18,10.1016/j.media.2018.11.001,,,,,Yes,,Yes,,Super Resolution; Data Reduction,HRpQCT,Human,Ex Vivo,Extra Trees; Principal Component Analysis,Not Reported
31004486,Functional coupling in the evolution of suction feeding and gill ventilation of sculpins (Perciformes: Cottoidei),"Farina SC, Knope ML, Corn KA, Summers AP, Bemis WE.",Integr Comp Biol. 2019 Aug 1;59(2):394-409. doi: 10.1093/icb/icz022.,Farina SC,Integr Comp Biol,2019,4/21/19,10.1093/icb/icz022,,,,,,,Yes,,Data Reduction,microCT,Fish (Sculpins),Ex Vivo,Principal Component Analysis,
31276849,Mandibular bone is protected against microarchitectural alterations and bone marrow adipose conversion in ovariectomized rats,"Coutel X, Delattre J, Marchandise P, Falgayrac G, Béhal H, Kerckhofs G, Penel G, Olejnik C.",Bone. 2019 Oct;127:343-352. doi: 10.1016/j.bone.2019.06.031. Epub 2019 Jul 2.,Coutel X,Bone,2019,7/6/19,10.1016/j.bone.2019.06.031,,,,,,,Yes,,Data Reduction,microCT,Rats,Ex Vivo,Principal Component Analysis,
32695850,Prediction of trabecular bone architectural features by deep learning models using simulated DXA images,"Xiao P, Zhang T, Dong XN, Han Y, Huang Y, Wang X.",Bone Rep. 2020 Jul 8;13:100295. doi: 10.1016/j.bonr.2020.100295. eCollection 2020 Dec.,Xiao P,Bone Rep,2020,7/23/20,10.1016/j.bonr.2020.100295,Yes,,,,,,,,Prediction,microCT,Human,Ex Vivo,Custom-Convolutional Neural Network,0.8
32058080,Decoding rejuvenating effects of mechanical loading on skeletal aging using in vivo μCT imaging and deep learning,"Asgharzadeh P, Röhrle O, Willie BM, Birkhold AI.",Acta Biomater. 2020 Apr 1;106:193-207. doi: 10.1016/j.actbio.2020.02.007. Epub 2020 Feb 11.,Asgharzadeh P,Acta Biomater,2020,2/15/20,10.1016/j.actbio.2020.02.007,Yes,,,,,,,,Prediction,microCT,mouse,In Vivo,Custom-Convolutional Neural Network,0.95
32084166,ChronoMID-Cross-modal neural networks for 3-D temporal medical imaging data,"Rakowski AG, Veličković P, Dall'Ara E, Liò P.",PLoS One. 2020 Feb 21;15(2):e0228962. doi: 10.1371/journal.pone.0228962. eCollection 2020.,Rakowski AG,PLoS One,2020,2/22/20,10.1371/journal.pone.0228962,,,,Yes,,,,,Classification,microCT,Mouse,In Vivo,Cross-Modal Convolutional Neural Network,0.99
32437969,Automating three-dimensional osteoarthritis histopathological grading of human osteochondral tissue using machine learning on contrast-enhanced micro-computed tomography,"Rytky SJO, Tiulpin A, Frondelius T, Finnilä MAJ, Karhula SS, Leino J, Pritzker KPH, Valkealahti M, Lehenkari P, Joukainen A, Kröger H, Nieminen HJ, Saarakkala S.",Osteoarthritis Cartilage. 2020 Aug;28(8):1133-1144. doi: 10.1016/j.joca.2020.05.002. Epub 2020 May 11.,Rytky SJO,Osteoarthritis Cartilage,2020,5/22/20,10.1016/j.joca.2020.05.002,Yes,Yes,Yes,Yes,,,Yes into ML,,Classification; Prediction; Segmentation; Data Reduction; Radiomics,microCT,Human,Ex Vivo,Linear Regression; Logistic Regression; UNet; Radiomics-Local Binary Pattern ,1.33; 0.7; 0.9
31917770,Intrinsic Measures and Shape Analysis of the Intratemporal Facial Nerve,"Hudson TJ, Gare B, Allen DG, Ladak HM, Agrawal SK.",Otol Neurotol. 2020 Mar;41(3):e378-e386. doi: 10.1097/MAO.0000000000002552.,Hudson TJ,Otol Neurotol,2020,1/10/20,10.1097/MAO.0000000000002552,,,,,,,Yes,,Data Reduction,microCT,Human,Ex Vivo,Principal Component Analysis,
32646372,What makes a fang? Phylogenetic and ecological controls on tooth evolution in rear-fanged snakes,"Westeen EP, Durso AM, Grundler MC, Rabosky DL, Davis Rabosky AR.",BMC Evol Biol. 2020 Jul 9;20(1):80. doi: 10.1186/s12862-020-01645-0.,Westeen EP,BMC Evol Biol,2020,7/11/20,10.1186/s12862-020-01645-0,,,,,,,Yes,,Data Reduction,microCT,Snakes,Ex Vivo,Principal Component Analysis,
32790104,Skeletal and muscular pelvic morphology of hillstream loaches (Cypriniformes: Balitoridae),"Crawford CH, Randall ZS, Hart PB, Page LM, Chakrabarty P, Suvarnaraksha A, Flammang BE.",J Morphol. 2020 Oct;281(10):1280-1295. doi: 10.1002/jmor.21247. Epub 2020 Aug 13.,Crawford CH,J Morphol,2020,8/14/20,10.1002/jmor.21247,,,,,,,Yes,,Data Reduction,microCT,Fish (Rheophilic hillstream loaches),Ex Vivo,Principal Component Analysis,
31880831,"Micromorphology of osteoderms in Dasypodidae (Cingulata, Mammalia): Characterization and 3D-reconstructions","Scarano AC, Ciancio MR, Barbeito-Andrés J, Barbeito CG, Krmpotic CM.",J Morphol. 2020 Feb;281(2):258-272. doi: 10.1002/jmor.21096. Epub 2019 Dec 27.,Scarano AC,J Morphol,2020,12/28/19,10.1002/jmor.21096,,,,,,,Yes,,Data Reduction,microCT,Armadillos (Dasypodidae),Ex Vivo,Principal Component Analysis,
32580077,A virtual assessment of the suprainiac depressions on the Eyasi I (Tanzania) and Aduma ADU-VP-1/3 (Ethiopia) Pleistocene hominin crania,"Bosman AM, Reyes-Centeno H, Harvati K.",J Hum Evol. 2020 Aug;145:102815. doi: 10.1016/j.jhevol.2020.102815. Epub 2020 Jun 21.,Bosman AM,J Hum Evol,2020,6/25/20,10.1016/j.jhevol.2020.102815,,,,,,,Yes,,Data Reduction,microCT,Human,Ex Vivo,Principal Component Analysis,
37780057,Relationships Among Bone Morphological Parameters and Mechanical Properties of Cadaveric Human Vertebral Cancellous Bone,"Al-Barghouthi A, Lee S, Solitro GF, Latta L, Travascio F.",JBMR Plus. 2020 Mar 12;4(5):e10351. doi: 10.1002/jbm4.10351. eCollection 2020 May.,Al-Barghouthi A,JBMR Plus,2020,10/2/23,10.1002/jbm4.10351,,,,,,,Yes,,Data Reduction,microCT,Human,Ex Vivo,Principal Component Analysis,
31935695,A cell-based dosimetry model for radium-223 dichloride therapy using bone micro-CT images and GATE simulations,"Pinto GM, Bonifacio DAB, de Sá LV, Lima LFC, Vieira IF, Lopes RT.",Phys Med Biol. 2020 Feb 12;65(4):045010. doi: 10.1088/1361-6560/ab6b42.,Pinto GM,Phys Med Biol,2020,1/15/20,10.1088/1361-6560/ab6b42,,Yes,,,,Yes,,,Segmentation; Clustering,microCT,Mouse,Ex Vivo,Fuzzy c-means Clustering,Not Reported
32140759,Self-perceived Fracture Risk in the Global Longitudinal Study of Osteoporosis in Women: Its Correlates and Relationship with Bone Microarchitecture,"Litwic AE, Westbury LD, Carter S, Ward KA, Cooper C, Dennison EM.",Calcif Tissue Int. 2020 Jun;106(6):625-636. doi: 10.1007/s00223-020-00680-9. Epub 2020 Mar 5.,Litwic AE,Calcif Tissue Int,2020,3/7/20,10.1007/s00223-020-00680-9,,,,,,Yes,,,Clustering,HRpQCT,Human,In Vivo,Hierarchical Clustering,
31883141,Is variation in tail vertebral morphology linked to habitat use in chameleons?,"Luger AM, Ollevier A, De Kegel B, Herrel A, Adriaens D.",J Morphol. 2020 Feb;281(2):229-239. doi: 10.1002/jmor.21093. Epub 2019 Dec 28.,Luger AM,J Morphol,2020,12/29/19,10.1002/jmor.21093,,,,,,,,,Data Reduction,microCT,Chameleons,Ex Vivo,Principal Component Analysis,
33221674,Noise reduction using novel loss functions to compute tissue mineral density and trabecular bone volume fraction on low resolution QCT,"Thomsen FSL, Delrieux CA, Pisula JI, Fuertes García JM, Lucena M, de Luis García R, Borggrefe J.",Comput Med Imaging Graph. 2020 Dec;86:101816. doi: 10.1016/j.compmedimag.2020.101816. Epub 2020 Nov 10.,Thomsen FSL,Comput Med Imaging Graph,2020,11/22/20,10.1016/j.compmedimag.2020.101816,,,,,Yes,,,,Prediction; Super Resolution,HRpQCT,Human,Ex Vivo,Convolutional Neural Network,0.9; 0.5; 5.7; 9.2
33782948,Automated analysis of rabbit knee calcified cartilage morphology using micro-computed tomography and deep learning,"Rytky SJO, Huang L, Tanska P, Tiulpin A, Panfilov E, Herzog W, Korhonen RK, Saarakkala S, Finnilä MAJ.",J Anat. 2021 Aug;239(2):251-263. doi: 10.1111/joa.13435. Epub 2021 Mar 29.,Rytky SJO,J Anat,2021,3/30/21,10.1111/joa.13435,,Yes,,,,,,,Segmentation,microCT,rabbit,Ex Vivo,UNet,0.9
34754768,Application of machine learning classifiers for microcomputed tomography data assessment of mouse bone microarchitecture,"Coulombe JC, Mullen ZK, Lynch ME, Stodieck LS, Ferguson VL.",MethodsX. 2021 Aug 24;8:101497. doi: 10.1016/j.mex.2021.101497. eCollection 2021.,Coulombe JC,MethodsX,2021,11/10/21,10.1016/j.mex.2021.101497,,,,Yes,,Yes,Yes,,Data Reduction; Classification; Clustering,microCT,Mouse,Ex Vivo,Principal Component Analysis; Support Vector Machine; K-Means Clustering,0.5
34842849,Generation of Vertebra Micro-CT-like Image from MDCT: A Deep-Learning-Based Image Enhancement Approach,"Jin D, Zheng H, Zhao Q, Wang C, Zhang M, Yuan H.",Tomography. 2021 Nov 12;7(4):767-782. doi: 10.3390/tomography7040064.,Jin D,Tomography,2021,11/29/21,10.3390/tomography7040064,,,,,Yes,,,,Super Resolution,microCT,Human,Ex Vivo,pix2pixHD; pix2pix; Custom-Convolutional Neural Network,0.8; 0.57; 0.49
33683776,Systematic analysis reveals that colony housing aligns gait profiles and strengthens link between histological and micro-CT bone markers in rat models of osteoarthritis,"Chang YM, Menges S, Westhof A, Kleinschmidt-Doerr K, Brenneis C, Pitsillides AA.",FASEB J. 2021 Apr;35(4):e21451. doi: 10.1096/fj.202002009R.,Chang YM,FASEB J,2021,3/8/21,10.1096/fj.202002009R,,,,,,,Yes,,Data Reduction,microCT,rat,Ex Vivo,Principal Component Analysis,
34930947,Scaling the U-net: segmentation of biodegradable bone implants in high-resolution synchrotron radiation microtomograms,"Baltruschat IM, Ćwieka H, Krüger D, Zeller-Plumhoff B, Schlünzen F, Willumeit-Römer R, Moosmann J, Heuser P.",Sci Rep. 2021 Dec 20;11(1):24237. doi: 10.1038/s41598-021-03542-y.,Baltruschat IM,Sci Rep,2021,12/21/21,10.1038/s41598-021-03542-y,,Yes,,,,,,,Segmentation,microCT,Human,Ex Vivo,UNet,0.9
33958664,Deep learning methods allow fully automated segmentation of metacarpal bones to quantify volumetric bone mineral density,"Folle L, Meinderink T, Simon D, Liphardt AM, Krönke G, Schett G, Kleyer A, Maier A.",Sci Rep. 2021 May 6;11(1):9697. doi: 10.1038/s41598-021-89111-9.,Folle L,Sci Rep,2021,5/7/21,10.1038/s41598-021-89111-9,,Yes,,,,,,,Segmentation,HRpQCT,Human,In Vivo,UNet,0.97
33761965,3D computational anatomy of the scaphoid and its waist for use in fracture treatment,"Ahrend MD, Teunis T, Noser H, Schmidutz F, Richards G, Gueorguiev B, Kamer L.",J Orthop Surg Res. 2021 Mar 24;16(1):216. doi: 10.1186/s13018-021-02330-8.,Ahrend MD,J Orthop Surg Res,2021,3/25/21,10.1186/s13018-021-02330-8,,,,,,,Yes,,Data Reduction,HRpQCT,Human,Ex Vivo,Principal Component Analysis,
34122326,"Global and Spatial Compartmental Interrelationships of Bone Density, Microstructure, Geometry and Biomechanics in the Distal Radius in a Colles' Fracture Study Using HR-pQCT","Shiraishi K, Burghardt AJ, Osaki M, Khosla S, Carballido-Gamio J.",Front Endocrinol (Lausanne). 2021 May 26;12:568454. doi: 10.3389/fendo.2021.568454. eCollection 2021.,Shiraishi K,Front Endocrinol (Lausanne),2021,6/14/21,10.3389/fendo.2021.568454,,Yes,,Yes,,Yes,,,Segmentation; Clustering; Classification,HRpQCT,Human,In Vivo,Fuzzy c-means; s-shaped membership,Not Reported
34534791,Association between bone shape and the presence of a fracture in patients with a clinically suspected scaphoid fracture,"Bevers MSAM, Wyers CE, Daniels AM, Audenaert EA, van Kuijk SMJ, van Rietbergen B, Geusens PPMM, Kaarsemaker S, Janzing HMJ, Hannemann PFW, Poeze M, van den Bergh JP.",J Biomech. 2021 Nov 9;128:110726. doi: 10.1016/j.jbiomech.2021.110726. Epub 2021 Aug 30.,Bevers MSAM,J Biomech,2021,9/17/21,10.1016/j.jbiomech.2021.110726,,,,Yes,,,Yes into ML,,Data Reduction; Classification,HRpQCT,Human,In Vivo,Principal Component Analysis; Logisitic Regression,0.75
34278000,Differences in the effects of BMI on bone microstructure between loaded and unloaded bones assessed by HR-pQCT in Japanese postmenopausal women,"Fujii N, Tsukamoto M, Okimoto N, Mori M, Ikejiri Y, Yoshioka T, Kawasaki M, Kito N, Ozawa J, Nakamura R, Takano S, Fujiwara S.",Osteoporos Sarcopenia. 2021 Jun;7(2):54-62. doi: 10.1016/j.afos.2021.05.002. Epub 2021 May 26.,Fujii N,Osteoporos Sarcopenia,2021,7/19/21,10.1016/j.afos.2021.05.002,,,,,,,Yes,,Data Reduction,HRpQCT,Human,In Vivo,Principal Component Analysis,0.9
32780474,"Middle Pleistocene human femoral diaphyses from Hualongdong, Anhui Province, China","Xing S, Wu XJ, Liu W, Pei SW, Cai YJ, Tong HW, Trinkaus E.",Am J Phys Anthropol. 2021 Feb;174(2):285-298. doi: 10.1002/ajpa.24121. Epub 2020 Aug 11.,Xing S,Am J Phys Anthropol,2021,8/12/20,10.1002/ajpa.24121,,,,,,,Yes,,Data Reduction,microCT,Human,Ex Vivo,Principal Component Analysis,
32935871,Caspase inhibitor attenuates the shape changes in the alveolar ridge following tooth extraction: A pilot study in rats,"Schwarze UY, Strauss FJ, Gruber R.",J Periodontal Res. 2021 Jan;56(1):101-107. doi: 10.1111/jre.12798. Epub 2020 Sep 16.,Schwarze UY,J Periodontal Res,2021,9/16/20,10.1111/jre.12798,,,,,,,Yes,,Data Reduction,microCT,Mouse,Ex Vivo,Principal Component Analysis,
34087386,Microgravity-induced alterations of mouse bones are compartment- and site-specific and vary with age,"Coulombe JC, Sarazin BA, Mullen Z, Ortega AM, Livingston EW, Bateman TA, Stodieck LS, Lynch ME, Ferguson VL.",Bone. 2021 Oct;151:116021. doi: 10.1016/j.bone.2021.116021. Epub 2021 Jun 2.,Coulombe JC,Bone,2021,6/4/21,10.1016/j.bone.2021.116021,,,,Yes,,Yes,Yes into ML,,Data Reduction; Clustering; Classification,microCT,Mouse,Ex Vivo,Principal Component Analysis;  K-means; Support Vector Machine,0.80; 0.83
33623074,Automatic segmentation of inner ear on CT-scan using auto-context convolutional neural network,"Hussain R, Lalande A, Girum KB, Guigou C, Bozorg Grayeli A.",Sci Rep. 2021 Feb 23;11(1):4406. doi: 10.1038/s41598-021-83955-x.,Hussain R,Sci Rep,2021,2/24/21,10.1038/s41598-021-83955-x,,Yes,,,,,,,Segmentation,microCT,Human,Ex Vivo,UNet,0.9
35964469,Ensemble learning and test-time augmentation for the segmentation of mineralized cartilage versus bone in high-resolution microCT images,"Léger J, Leyssens L, Kerckhofs G, De Vleeschouwer C.",Comput Biol Med. 2022 Sep;148:105932. doi: 10.1016/j.compbiomed.2022.105932. Epub 2022 Aug 2.,Léger J,Comput Biol Med,2022,8/14/22,10.1016/j.compbiomed.2022.105932,,Yes,,,,,,,Segmentation,microCT,mouse,Ex Vivo,UNet,0.9
36712355,Hip osteoarthritis: A novel network analysis of subchondral trabecular bone structures,"Dorraki M, Muratovic D, Fouladzadeh A, Verjans JW, Allison A, Findlay DM, Abbott D.",PNAS Nexus. 2022 Nov 21;1(5):pgac258. doi: 10.1093/pnasnexus/pgac258. eCollection 2022 Nov.,Dorraki M,PNAS Nexus,2022,1/30/23,10.1093/pnasnexus/pgac258,,,,Yes,,,,,Classification,microCT,Human,Ex Vivo,Deep Convolutional Neural Network,0.96
35461315,Spatial links between subchondral bone architectural features and cartilage degeneration in osteoarthritic joints,"Ajami S, Javaheri B, Chang YM, Maruthainar N, Khan T, Donaldson J, Pitsillides AA, Liu C.",Sci Rep. 2022 Apr 23;12(1):6694. doi: 10.1038/s41598-022-10600-6.,Ajami S,Sci Rep,2022,4/24/22,10.1038/s41598-022-10600-6,,,,,,,Yes,,Data Reduction,microCT,Human,Ex Vivo,Principal Component Analysis,
34761388,Variation in vertebrae shape across small-bodied newts reveals functional and developmental constraints acting upon the trunk region,"Scholtes SJ, Arntzen JW, Ajduković M, Ivanović A.",J Anat. 2022 Apr;240(4):639-646. doi: 10.1111/joa.13591. Epub 2021 Nov 10.,Scholtes SJ,J Anat,2022,11/11/21,10.1111/joa.13591,,,,,,Yes,Yes into ML,,Data Reduction; Clustering,microCT,lissotriton,Ex Vivo,Principal Component Analysis; AjBQD,
35403831,Toward an artificial intelligence-assisted framework for reconstructing the digital twin of vertebra and predicting its fracture response,"Ahmadian H, Mageswaran P, Walter BA, Blakaj DM, Bourekas EC, Mendel E, Marras WS, Soghrati S.",Int J Numer Method Biomed Eng. 2022 Jun;38(6):e3601. doi: 10.1002/cnm.3601. Epub 2022 Apr 26.,Ahmadian H,Int J Numer Method Biomed Eng,2022,4/11/22,10.1002/cnm.3601,,,,,Yes,,,,Super Resolution,microCT,Human,Ex Vivo,ReconGAN,Not Reported
35218039,Impact of the training loss in deep learning-based CT reconstruction of bone microarchitecture,"Leuliet T, Maxim V, Peyrin F, Sixou B.",Med Phys. 2022 May;49(5):2952-2964. doi: 10.1002/mp.15577. Epub 2022 Mar 16.,Leuliet T,Med Phys,2022,2/26/22,10.1002/mp.15577,,,,,Yes,,,,Super Resolution,microCT,Human,Ex Vivo,Deep CNN,0.85; 30
36111203,Protective Effect on Bone of Nacre Supplementation in Ovariectomized Rats,"Nguyen DK, Laroche N, Vanden-Bossche A, Linossier MT, Thomas M, Peyroche S, Normand M, Bertache-Djenadi Y, Thomas T, Marotte H, Vico L, Lafage-Proust MH, Rousseau M.",JBMR Plus. 2022 Jul 15;6(9):e10655. doi: 10.1002/jbm4.10655. eCollection 2022 Sep.,Nguyen DK,JBMR Plus,2022,9/16/22,10.1002/jbm4.10655,,,,,,,Yes,,Data Reduction,microCT,rat,In Vivo,Principal Component Analysis,
36039207,Rule and Neural Network-Based Image Segmentation of Mice Vertebrae Images,"Madireddy I, Wu T.",Cureus. 2022 Jul 25;14(7):e27247. doi: 10.7759/cureus.27247. eCollection 2022 Jul.,Madireddy I,Cureus,2022,8/30/22,10.7759/cureus.27247,,Yes,,,,,,,Segmentation,microCT,mouse,Ex Vivo,Linear neural network; UNet,0.96; 0.95
35360728,"Deep Learning-Based Classification of Inflammatory Arthritis by Identification of Joint Shape Patterns-How Neural Networks Can Tell Us Where to ""Deep Dive"" Clinically","Folle L, Simon D, Tascilar K, Krönke G, Liphardt AM, Maier A, Schett G, Kleyer A.",Front Med (Lausanne). 2022 Mar 10;9:850552. doi: 10.3389/fmed.2022.850552. eCollection 2022.,Folle L,Front Med (Lausanne),2022,4/1/22,10.3389/fmed.2022.850552,,,,Yes,,,,,Classification,HRpQCT,Human,In Vivo,Convolutional Supervised Auto-Encoder (CSAE),0.8
34953074,Bone Microarchitecture Phenotypes Identified in Older Adults Are Associated With Different Levels of Osteoporotic Fracture Risk,"Whittier DE, Samelson EJ, Hannan MT, Burt LA, Hanley DA, Biver E, Szulc P, Sornay-Rendu E, Merle B, Chapurlat R, Lespessailles E, Wong AKO, Goltzman D, Khosla S, Ferrari S, Bouxsein ML, Kiel DP, Boyd SK.",J Bone Miner Res. 2022 Mar;37(3):428-439. doi: 10.1002/jbmr.4494. Epub 2022 Jan 14.,Whittier DE,J Bone Miner Res,2022,12/25/21,10.1002/jbmr.4494,,,,,,Yes,,,Clustering,HRpQCT,Human,In Vivo,Fuzzy C-Means; Agglomerative Clustering,
35614082,"MusMorph, a database of standardized mouse morphology data for morphometric meta-analyses","Devine J, Vidal-García M, Liu W, Neves A, Lo Vercio LD, Green RM, Richbourg HA, Marchini M, Unger CM, Nickle AC, Radford B, Young NM, Gonzalez PN, Schuler RE, Bugacov A, Rolian C, Percival CJ, Williams T, Niswander L, Calof AL, Lander AD, Visel A, Jirik FR, Cheverud JM, Klein OD, Birnbaum RY, Merrill AE, Ackermann RR, Graf D, Hemberger M, Dean W, Forkert ND, Murray SA, Westerberg H, Marcucio RS, Hallgrímsson B.",Sci Data. 2022 May 25;9(1):230. doi: 10.1038/s41597-022-01338-x.,Devine J,Sci Data,2022,5/25/22,10.1038/s41597-022-01338-x,,,,,Yes,,Yes,,Data Reduction; Super Resolution,microCT,Mouse,Ex Vivo,Principal Component Analysis; Deep Feedforward Neural Network,Not Reported
36091331,Cortical bone relationships are maintained regardless of sex and diet in a large population of LGXSM advanced intercross mice,"Migotsky N, Brodt MD, Cheverud JM, Silva MJ.",Bone Rep. 2022 Aug 26;17:101615. doi: 10.1016/j.bonr.2022.101615. eCollection 2022 Dec.,Migotsky N,Bone Rep,2022,9/12/22,10.1016/j.bonr.2022.101615,,,,,,Yes,Yes,,Data Reduction; Clustering,microCT,Mouse,Ex Vivo,Principal Component Analysis; Hiearchical Ward Clustering,
34999487,Using Statistical Shape and Appearance Modelling to characterise the 3D shape and material properties of human lumbar vertebrae: A proof of concept study,"Day GA, Jones AC, Wilcox RK.",J Mech Behav Biomed Mater. 2022 Feb;126:105047. doi: 10.1016/j.jmbbm.2021.105047. Epub 2021 Dec 15.,Day GA,J Mech Behav Biomed Mater,2022,1/9/22,10.1016/j.jmbbm.2021.105047,,,,,,,Yes,,Data Reduction,microCT,Human,Ex Vivo,Principal Component Analysis,
34542171,Phenotypic regionalization of the vertebral column in the thorny skate Amblyraja radiata: Stability and variation,"Berio F, Bayle Y, Riley C, Larouche O, Cloutier R.",J Anat. 2022 Feb;240(2):253-267. doi: 10.1111/joa.13551. Epub 2021 Sep 19.,Berio F,J Anat,2022,9/20/21,10.1111/joa.13551,,,,,,Yes,Yes,,Data Reduction; Clustering,microCT,Fish (Thorny Skate),Ex Vivo,Correspondence Analysis; Partition Around Medoids (PAM) ,
37850158,Breast Cancer Induced Bone Osteolysis Prediction Using Temporal Variational Autoencoders,"Xiong W, Yeung N, Wang S, Liao H, Wang L, Luo J.",BME Front. 2022 Apr 2;2022:9763284. doi: 10.34133/2022/9763284. eCollection 2022.,Xiong W,BME Front,2022,10/18/23,10.34133/2022/9763284,,,,,Yes,,,,Super Resolution,microCT,Mouse,Ex Vivo,T-VAE; 3D-GAN; CLSTM; PredRNN,22.9; 0.79
36359157,Radiomics Modeling of Catastrophic Proximal Sesamoid Bone Fractures in Thoroughbred Racehorses Using μCT,"Basran PS, McDonough S, Palmer S, Reesink HL.",Animals (Basel). 2022 Nov 4;12(21):3033. doi: 10.3390/ani12213033.,Basran PS,Animals (Basel),2022,11/11/22,10.3390/ani12213033,,,Yes,Yes,,,,,Radiomics; Classification,microCT,Horse,Ex Vivo,Radiomcs-Morphology-Shape; Radiomics-First Order; Radiomics-GLCM; Radiomics-GLDM; Radiomics-GLRLM; Radiomics-GLSZM; Support Vector Machine; Random Forest (RUS Boost); Logistic Regression; K-Means Nearest Neighbor; Medium Neural Network; Random Forest (Bagged Trees),0.98
36327650,Segmentation of trabecular bone microdamage in Xray microCT images using a two-step deep learning method,"Caron R, Londono I, Seoud L, Villemure I.",J Mech Behav Biomed Mater. 2023 Jan;137:105540. doi: 10.1016/j.jmbbm.2022.105540. Epub 2022 Oct 25.,Caron R,J Mech Behav Biomed Mater,2023,11/3/22,10.1016/j.jmbbm.2022.105540,,Yes,,,,,,,Segmentation,microCT,bovine,Ex Vivo,YOLOv4p5; UNet,0.5
36402366,Open-source pipeline for automatic segmentation and microstructural analysis of murine knee subchondral bone,"Mahdi H, Hardisty M, Fullerton K, Vachhani K, Nam D, Whyne C.",Bone. 2023 Feb;167:116616. doi: 10.1016/j.bone.2022.116616. Epub 2022 Nov 17.,Mahdi H,Bone,2023,11/19/22,10.1016/j.bone.2022.116616,,Yes,,,,,,,Segmentation,microCT,mouse,Ex Vivo,UNet,0.93
38074790,A Super-Resolution Diffusion Model for Recovering Bone Microstructure from CT Images,"Chan TJ, Rajapakse CS.",Radiol Artif Intell. 2023 Sep 20;5(6):e220251. doi: 10.1148/ryai.220251. eCollection 2023 Nov.,Chan TJ,Radiol Artif Intell,2023,12/11/23,10.1148/ryai.220251,,,,,Yes,,,,Super Resolution,microCT,Human,Ex Vivo,UNet; SRCNN; SRRestNet; SRGAN,
37769956,"Composition and micromechanical properties of the femoral neck compact bone in relation to patient age, sex and hip fracture occurrence","Kochetkova T, Hanke MS, Indermaur M, Groetsch A, Remund S, Neuenschwander B, Michler J, Siebenrock KA, Zysset P, Schwiedrzik J.",Bone. 2023 Dec;177:116920. doi: 10.1016/j.bone.2023.116920. Epub 2023 Sep 26.,Kochetkova T,Bone,2023,9/28/23,10.1016/j.bone.2023.116920,,,,Yes,,,Yes into ML,,Data Reduction; Classification,microCT,Human,Ex Vivo,Principal Component Analysis; Gaussian Naive Bayes,0.71
37132542,A Fracture Risk Assessment Tool for High Resolution Peripheral Quantitative Computed Tomography,"Whittier DE, Samelson EJ, Hannan MT, Burt LA, Hanley DA, Biver E, Szulc P, Sornay-Rendu E, Merle B, Chapurlat R, Lespessailles E, Wong AKO, Goltzman D, Khosla S, Ferrari S, Bouxsein ML, Kiel DP, Boyd SK.",J Bone Miner Res. 2023 Sep;38(9):1234-1244. doi: 10.1002/jbmr.4808. Epub 2023 May 3.,Whittier DE,J Bone Miner Res,2023,5/3/23,10.1002/jbmr.4808,,,,Yes,,,,,Classification,HRpQCT,Human,In Vivo,Random Survival Forests,0.67
36581259,Machine learning applied to HR-pQCT images improves fracture discrimination provided by DXA and clinical risk factors,"Lu S, Fuggle NR, Westbury LD, Ó Breasail M, Bevilacqua G, Ward KA, Dennison EM, Mahmoodi S, Niranjan M, Cooper C.",Bone. 2023 Mar;168:116653. doi: 10.1016/j.bone.2022.116653. Epub 2022 Dec 27.,Lu S,Bone,2023,12/29/22,10.1016/j.bone.2022.116653,,,Yes,Yes,,,,,Classification; Radiomics,HRpQCT,Human,In Vivo,Radiomics-Image; Random Forest,0.9
36368464,Motion grading of high-resolution quantitative computed tomography supported by deep convolutional neural networks,"Walle M, Eggemann D, Atkins PR, Kendall JJ, Stock K, Müller R, Collins CJ.",Bone. 2023 Jan;166:116607. doi: 10.1016/j.bone.2022.116607. Epub 2022 Nov 8.,Walle M,Bone,2023,11/11/22,10.1016/j.bone.2022.116607,,,,Yes,,,,,Classification,HRpQCT,Human,In Vivo,Convolutional Neural Network,0.86
37708503,A geometric morphometric analysis of variation in Australian frog ilia and taxonomic interpretations,"Farman RM, Archer M, Hand SJ.",J Morphol. 2023 Oct;284(10):e21642. doi: 10.1002/jmor.21642.,Farman RM,J Morphol,2023,9/14/23,10.1002/jmor.21642,,,,,,,Yes,Yes,Data Reduction; Data Integration,microCT,Frogs,Ex Vivo,Principal Component Analysis; Canonical Variant Analysis,
36369743,Quantification and comparison of the regional acceleratory phenomenon in bone following piezosurgery or bur osteotomy: A pilot study in rats,"Battista MD, Kernitsky J, Exarchos E, Ohira T, Dibart S.",Clin Exp Dent Res. 2023 Feb;9(1):66-74. doi: 10.1002/cre2.689. Epub 2022 Nov 11.,Battista MD,Clin Exp Dent Res,2023,11/12/22,10.1002/cre2.689,,Yes,,,,,,,Segmentation,microCT,Rats,Ex Vivo,UNet,Not Reported
35975837,Predicting the effective compressive modulus of human cancellous bone using the convolutional neural network method,"Lu Y, Yang Z, Zhu H, Wu C.",Comput Methods Biomech Biomed Engin. 2023 Sep;26(10):1150-1159. doi: 10.1080/10255842.2022.2112183. Epub 2022 Aug 17.,Lu Y,Comput Methods Biomech Biomed Engin,2023,8/17/22,10.1080/10255842.2022.2112183,Yes,,,,,,,,Prediction,HRpQCT,Human,Ex Vivo,Custom-Convolutional Neural Network,0.95
36604534,Automatic segmentation of trabecular and cortical compartments in HR-pQCT images using an embedding-predicting U-Net and morphological post-processing,"Neeteson NJ, Besler BA, Whittier DE, Boyd SK.",Sci Rep. 2023 Jan 5;13(1):252. doi: 10.1038/s41598-022-27350-0.,Neeteson NJ,Sci Rep,2023,1/5/23,10.1038/s41598-022-27350-0,,Yes,,,,,,,Segmentation,HRpQCT,Human,In Vivo,UNet,0.98
37295663,"Mineral tessellation in mouse enthesis fibrocartilage, Achilles tendon, and Hyp calcifying enthesopathy: A shared 3D mineralization pattern","Buss DJ, Rechav K, Reznikov N, McKee MD.",Bone. 2023 Sep;174:116818. doi: 10.1016/j.bone.2023.116818. Epub 2023 Jun 8.,Buss DJ,Bone,2023,6/9/23,10.1016/j.bone.2023.116818,,Yes,,,,,,,Segmentation,microCT,Mouse,Ex Vivo,UNet,Not reported
38905961,Enhancing trabecular CT scans based on deep learning with multi-strategy fusion,"Ge P, Li S, Liang Y, Zhang S, Zhang L, Hu Y, Yao L, Wong PK.",Comput Med Imaging Graph. 2024 Sep;116:102410. doi: 10.1016/j.compmedimag.2024.102410. Epub 2024 Jun 12.,Ge P,Comput Med Imaging Graph,2024,6/21/24,10.1016/j.compmedimag.2024.102410,,,,,Yes,,,,Super Resolution,microCT,Human,Ex Vivo,Cascade-SwinUNETR,0.61; 28.75
38777311,Characterization and quantification of in-vitro equine bone resorption in 3D using μCT and deep learning-aided feature segmentation,"Grass DM, Malek G, Taïeb HM, Ittah E, Richard H, Reznikov N, Laverty S.",Bone. 2024 Aug;185:117131. doi: 10.1016/j.bone.2024.117131. Epub 2024 May 20.,Grass DM,Bone,2024,5/22/24,10.1016/j.bone.2024.117131,,Yes,,,,,,,Segmentation,microCT,mouse,In Vitro,UNet,Not Reported
38834103,Statistical investigation of interdependence of trabecular microarchitectural parameters from micro-computed tomography,"Neeteson NJ, Bugbird AR, Burt LA, Boyd SK.",Bone. 2024 Oct;187:117144. doi: 10.1016/j.bone.2024.117144. Epub 2024 Jun 2.,Neeteson NJ,Bone,2024,6/4/24,10.1016/j.bone.2024.117144,,,,,,,Yes,,Data Reduction,HRpQCT,Human,In Vivo,Principal Component Analysis,
38908071,Bone mineral density and geometric morphometrics: Indicators of growth in the immature pars basilaris,"Thornton R, Mendelow MG, Hutchinson EF.",Forensic Sci Int. 2024 Aug;361:112111. doi: 10.1016/j.forsciint.2024.112111. Epub 2024 Jun 17.,Thornton R,Forensic Sci Int,2024,6/22/24,10.1016/j.forsciint.2024.112111,,,,,,,Yes,,Data Reduction,microCT,human,Ex Vivo,Principal Component Analysis,
38740120,Super-resolution of clinical CT: Revealing microarchitecture in whole bone clinical CT image data,"Frazer LL, Louis N, Zbijewski W, Vaishnav J, Clark K, Nicolella DP.",Bone. 2024 Aug;185:117115. doi: 10.1016/j.bone.2024.117115. Epub 2024 May 11.,Frazer LL,Bone,2024,5/13/24,10.1016/j.bone.2024.117115,,Yes,,,Yes,,,,Segmentation; Super Resolution,microCT,Human,Ex Vivo,UNet; SRGAN,0.24; 9.2
37713225,Data-Driven Based Characterization of Anisotropic Mechanical Properties for Cancellous Bone From Low-Resolution CT Images,"Yan Z, Hu Y, Li X, Liu Z, Wang P, Liu B, Tian Y, Zhuang Z.",IEEE Trans Biomed Eng. 2024 Feb;71(2):689-699. doi: 10.1109/TBME.2023.3315846. Epub 2024 Jan 19.,Yan Z,IEEE Trans Biomed Eng,2024,9/15/23,10.1109/TBME.2023.3315846,Yes,,,,Yes,,,,Super Resolution; Prediction,microCT,"Human, sheep",Ex Vivo,Fast Super Resolution; Fully Connected Neural Network,0.9
38182017,Preoperative 3-dimensional computed tomography bone density measures provide objective bone quality classifications for stemless anatomic total shoulder arthroplasty,"Ritter D, Denard PJ, Raiss P, Wijdicks CA, Bachmaier S.",J Shoulder Elbow Surg. 2024 Jul;33(7):1503-1511. doi: 10.1016/j.jse.2023.11.005. Epub 2024 Jan 3.,Ritter D,J Shoulder Elbow Surg,2024,1/5/24,10.1016/j.jse.2023.11.005,,,,Yes,,Yes,,,Classification; Clustering,microCT,Human,Ex Vivo,Support Vector Machine; K-Means Clustering,0.93
38473040,Deep Convolutional Neural Networks Provide Motion Grading for High-Resolution Peripheral Quantitative Computed Tomography of the Scaphoid,"Benedikt S, Zelger P, Horling L, Stock K, Pallua J, Schirmer M, Degenhart G, Ruzicka A, Arora R.",Diagnostics (Basel). 2024 Mar 6;14(5):568. doi: 10.3390/diagnostics14050568.,Benedikt S,Diagnostics (Basel),2024,3/13/24,10.3390/diagnostics14050568,,,,Yes,,,,,Classification,HRpQCT,Human,In Vivo,Convolutional Neural Network,0.94
37702738,Food texture and vitamin D influence mouse mandible form and molar roots,"Van Ankum EM, Majcher KB, Dolovich AT, Johnston JD, Flegel KP, Boughner JC.",Anat Rec (Hoboken). 2024 Mar;307(3):611-632. doi: 10.1002/ar.25315. Epub 2023 Sep 13.,Van Ankum EM,Anat Rec (Hoboken),2024,9/13/23,10.1002/ar.25315,,,,,,,Yes,Yes,Data Reduction; Data Integration,microCT,Mouse,Ex Vivo,Principal Component Analysis; Canonical Variant Analysis,
37847809,Three-dimensional changes in the cranial base associated with soft-diet feeding,"Murata Y, Tanikawa C, Shiraishi Y, Inubushi T, Kono K, Kamioka H, Yamashiro T.",Eur J Orthod. 2024 Jan 1;46(1):cjad058. doi: 10.1093/ejo/cjad058.,Murata Y,Eur J Orthod,2024,10/17/23,10.1093/ejo/cjad058,,,,,,,Yes,Yes,Data Reduction; Data Integration,microCT,Mouse,Ex Vivo,Principal Component Analysis; Canonical Variant Analysis,
37982358,Lateral angle: A landmark-based method for the sex estimation in human cremated remains and application to an Austrian prehistoric sample,"Waltenberger L, Heimel P, Skerjanz H, Tangl S, Verdianu D, Rebay-Salisbury K.",Am J Biol Anthropol. 2024 May;184(1):e24874. doi: 10.1002/ajpa.24874. Epub 2023 Nov 19.,Waltenberger L,Am J Biol Anthropol,2024,11/20/23,10.1002/ajpa.24874,,,,Yes,,,,,Classification,microCT,Human,Ex Vivo,Logistic Regression,0.8
39101558,Visualization of Pulpal Structures by SWIR in Endodontic Access Preparation,"Benz L, Heck K, Hevisov D, Kugelmann D, Tseng PC, Sreij Z, Litzenburger F, Waschke J, Schwendicke F, Kienle A, Hickel R, Kunzelmann KH, Walter E.",J Dent Res. 2024 Aug 5:220345241262949. doi: 10.1177/00220345241262949. Online ahead of print.,Benz L,J Dent Res,2024,8/5/24,10.1177/00220345241262949,,Yes,,,,Yes,,,Segmentation; Clustering,microCT,Human,Ex Vivo,K-Means Clustering,Not Reported
38729290,A reliable deep-learning-based method for alveolar bone quantification using a murine model of periodontitis and micro-computed tomography imaging,"Xi R, Ali M, Zhou Y, Tizzano M.",J Dent. 2024 Jul;146:105057. doi: 10.1016/j.jdent.2024.105057. Epub 2024 May 8.,Xi R,J Dent,2024,5/10/24,10.1016/j.jdent.2024.105057,,Yes,,,,,,,Segmentation,microCT,Mouse,Ex Vivo,UNet,Not Reported
38821263,Identification of Root Canal Morphology in Fused-rooted Mandibular Second Molars From X-ray Images Based on Deep Learning,"Wu W, Chen S, Chen P, Chen M, Yang Y, Gao Y, Hu J, Ma J.",J Endod. 2024 Sep;50(9):1289-1297.e1. doi: 10.1016/j.joen.2024.05.014. Epub 2024 May 29.,Wu W,J Endod,2024,5/31/24,10.1016/j.joen.2024.05.014,,,,Yes,,,,,Classification,microCT,Human,Ex Vivo,VGG19; ResNet18; ResNet50; EfficientNet-b5; Random Forest,0.80; 1.0
38832703,Distinguishing risk of curve progression in adolescent idiopathic scoliosis with bone microarchitecture phenotyping: a 6-year longitudinal study,"Yang KG, Lee WY, Hung AL, Kumar A, Chui EC, Hung VW, Cheng JC, Lam TP, Lau AY.",J Bone Miner Res. 2024 Aug 5;39(7):956-966. doi: 10.1093/jbmr/zjae083.,Yang KG,J Bone Miner Res,2024,6/4/24,10.1093/jbmr/zjae083,,,,,,Yes,,,Clustering,HRpQCT,Human,In Vivo,Fuzzy c-means Clustering,
39728215,Three-Dimensional Bone-Image Synthesis with Generative Adversarial Networks,"Angermann C, Bereiter-Payr J, Stock K, Degenhart G, Haltmeier M.",J Imaging. 2024 Dec 11;10(12):318. doi: 10.3390/jimaging10120318.,Angermann C,J Imaging,2024,12/27/24,10.3390/jimaging10120318,,,,,Yes,,,,Super Resolution,HRpQCT,Human,Ex Vivo,3D-ProGAN; 3D-StyleGAN,22
39866530,Integrating deep learning and machine learning for improved CKD-related cortical bone assessment in HRpQCT images: A pilot study,"Lee Y, Bandara WR, Park S, Lee M, Seo C, Yang S, Lim KJ, Moe SM, Warden SJ, Surowiec RK.",Bone Rep. 2024 Dec 26;24:101821. doi: 10.1016/j.bonr.2024.101821. eCollection 2025 Mar.,Lee Y,Bone Rep,2024,1/27/25,10.1016/j.bonr.2024.101821,,Yes,Yes,Yes,,,,,Radiomics; Segmentation; Classification,HRpQCT,Human,In Vivo,Radiomics-GLCM; UNet; XGBoost,0.96; 0.99
37747411,Embryonic cranial cartilage defects in the Fgfr3(Y367C) (/+) mouse model of achondroplasia,"Motch Perrine SM, Sapkota N, Kawasaki K, Zhang Y, Chen DZ, Kawasaki M, Durham EL, Heuzé Y, Legeai-Mallet L, Richtsmeier JT.",Anat Rec (Hoboken). 2025 Jul;308(7):1893-1911. doi: 10.1002/ar.25327. Epub 2023 Sep 25.,Motch Perrine SM,Anat Rec (Hoboken),2025,9/25/23,10.1002/ar.25327,,Yes,,,,,Yes,,Data Reduction; Segmentation,microCT,Mouse,Ex Vivo,Principal Component Analysis; FCN,Not Reported
40123115,"Statistical Shape Modeling of an Experimental, Induced Cam-Femoroacetabular Impingement Deformity in a Rabbit Model: A Platform to Study Mechanism of Hip Disease","Ince DC, Kamenaga T, Kikuchi K, Clohisy JC, O'Keefe RJ, Yuh C, Wimmer MA, Mell SP, Pascual-Garrido C.",Am J Sports Med. 2025 May;53(6):1328-1335. doi: 10.1177/03635465251326888. Epub 2025 Mar 23.,Ince DC,Am J Sports Med,2025,3/24/25,10.1177/03635465251326888,,,,,,,Yes,,Data Reduction,microCT,Rabbit,Ex Vivo,Principal Component Analysis,0.9
40130531,A new preclinical sheep model of medial meniscus anterior root repair: Part 1-Quantitative morphology and relationships to adjacent structures,"Liu W, Carretero-Hernández M, Zhang Y, Cucchiarini M, Brockmeyer M, Madry H.",Knee Surg Sports Traumatol Arthrosc. 2025 Jul;33(7):2470-2486. doi: 10.1002/ksa.12656. Epub 2025 Mar 25.,Liu W,Knee Surg Sports Traumatol Arthrosc,2025,3/25/25,10.1002/ksa.12656,,,,,,Yes,Yes,,Data Reduction; Clustering,microCT,Ovine,Ex Vivo,Principal Component Analysis; K-Means Clustering,
40583737,Trabecular Architecture of the Proximal Tibia in Extant Hominids,"Lukova A, Bachmann S, Synek A, Pahr DH, Kilbourne B, Dunmore CJ, Kivell TL, Skinner MM.",Am J Biol Anthropol. 2025 Jul;187(3):e70084. doi: 10.1002/ajpa.70084.,Lukova A,Am J Biol Anthropol,2025,6/30/25,10.1002/ajpa.70084,,,,,,,Yes,,Data Reduction,microCT,Human; Gorilla; Chimpanzee; Orangutan,Ex Vivo,Principal Component Analysis,
39869791,Prediction of hip fracture by high-resolution peripheral quantitative computed tomography in older Swedish women,"Jaiswal R, Pivodic A, Zoulakis M, Axelsson KF, Litsne H, Johansson L, Lorentzon M.",J Bone Miner Res. 2025 Jun 3;40(6):779-790. doi: 10.1093/jbmr/zjaf020.,Jaiswal R,J Bone Miner Res,2025,1/27/25,10.1093/jbmr/zjaf020,,,,Yes,,,,,Classification,HRpQCT,Human,In Vivo,Neural Network; Random Forest; Ensemble; Extreme Gradient Boosting,0.75
39890924,Universal conditional networks (UniCoN) for multi-age embryonic cartilage segmentation with Sparsely annotated data,"Sapkota N, Zhang Y, Zhao Z, Gomez MJ, Hsi Y, Wilson JA, Kawasaki K, Holmes G, Wu M, Jabs EW, Richtsmeier JT, Perrine SMM, Chen DZ.",Sci Rep. 2025 Jan 31;15(1):3893. doi: 10.1038/s41598-025-87797-9.,Sapkota N,Sci Rep,2025,1/31/25,10.1038/s41598-025-87797-9,,Yes,,,,,,,Segmentation,microCT,Mouse,Ex Vivo,UniCon; UNet; Res2Net; ConSA; HDSC; ConUNETR; SwinUNET v2,0.70-0.90
39905914,"Segmentation of cortical bone, trabecular bone, and medullary pores from micro-CT images using 2D and 3D deep learning models","Lee AH, Moore JM, Covarrubias BV, Lynch LM.",Anat Rec (Hoboken). 2025 Feb 5. doi: 10.1002/ar.25633. Online ahead of print.,Lee AH,Anat Rec (Hoboken),2025,2/5/25,10.1002/ar.25633,,Yes,,,,,,,Segmentation,microCT,River Otter,Ex Vivo,UNet; BONe,0.9
40082604,A robust deep learning approach for segmenting cortical and trabecular bone from 3D high resolution µCT scans of mouse bone,"Lagzouli A, Pivonka P, Cooper DML, Sansalone V, Othmani A.",Sci Rep. 2025 Mar 13;15(1):8656. doi: 10.1038/s41598-025-92954-1.,Lagzouli A,Sci Rep,2025,3/14/25,10.1038/s41598-025-92954-1,,Yes,,,,,,,Segmentation,microCT,Mouse,Ex Vivo,DBAHNet,0.93
40127966,Evaluation of stapes image quality with ultra-high-resolution CT in comparison to cone-beam CT and high-resolution CT in cadaveric heads,"Puel U, Boukhzer S, Doyen M, Hossu G, Boubaker F, Groubatch F, Blum A, Gondim Teixeira PA, Eliezer M, Parietti-Winkler C, Gillet R.",AJNR Am J Neuroradiol. 2025 Mar 24:ajnr.A8748. doi: 10.3174/ajnr.A8748. Online ahead of print.,Puel U,AJNR Am J Neuroradiol,2025,3/24/25,10.3174/ajnr.A8748,,,,,Yes,,,,Super Resolution,microCT,Human,Ex Vivo,AiCE Ear,Not Reported
40196347,A study on early diagnosis for fracture non-union prediction using deep learning and bone morphometric parameters,"Yu H, Mu Q, Wang Z, Guo Y, Zhao J, Wang G, Wang Q, Meng X, Dong X, Wang S, Sun J.",Front Med (Lausanne). 2025 Mar 24;12:1547588. doi: 10.3389/fmed.2025.1547588. eCollection 2025.,Yu H,Front Med (Lausanne),2025,4/8/25,10.3389/fmed.2025.1547588,,Yes,,Yes,,,,,Segmentation; Classification,microCT,Rats,Ex Vivo,Segmentation-VM-TE-UNet; Classification-Support Vector Machine; Classification-Mutlilayer Perceptron; Classification-Decision Tree; Classification-Random Forest,0.8
40328110,A high-throughput framework for predicting three-dimensional structural-mechanical relationships of human cranial bones using a deep learning-based method,"Guo W, Rezasefat M, Rabey KN, Ouellet S, Westover L, Hogan JD.",J Mech Behav Biomed Mater. 2025 Aug;168:107007. doi: 10.1016/j.jmbbm.2025.107007. Epub 2025 Apr 24.,Guo W,J Mech Behav Biomed Mater,2025,5/6/25,10.1016/j.jmbbm.2025.107007,,,,,Yes,,,,Super Resolution,microCT,Human,Ex Vivo,UNet; UNet,0.90; 0.99
40395772,Prognostic assessment of osteolytic lesions and mechanical properties of bones bearing breast cancer using neural network and finite element analysis(☆),"Wang S, Chu T, Wasi M, Guerra RM, Yuan X, Wang L.",Mechanobiol Med. 2025 Mar 30;3(2):100130. doi: 10.1016/j.mbm.2025.100130. eCollection 2025 Jun.,Wang S,Mechanobiol Med,2025,5/21/25,10.1016/j.mbm.2025.100130,,,,,Yes,,,,Super Resolution,microCT,Mouse,Ex Vivo,Long Short-Term Memory with CNN,0.86; 35.0; 0.81
40532366,Automated quantitative analysis of peri-articular bone microarchitecture in HR-pQCT knee images,"Neeteson NJ, Hasick SM, Souza R, Boyd SK.",Comput Methods Programs Biomed. 2025 Sep;269:108882. doi: 10.1016/j.cmpb.2025.108882. Epub 2025 Jun 13.,Neeteson NJ,Comput Methods Programs Biomed,2025,6/18/25,10.1016/j.cmpb.2025.108882,,Yes,,,,,,,Segmentation,HRpQCT,Human,Ex Vivo,UNet; UNet++; UNETR; SegResNetVAE; SeGAN,Not Reported
40582223,Predicting rat lumbar vertebral failure patterns as synthetic μCT images using a deep convolutional generative adversarial network,"Tolgyesi A, Whyne C, Hardisty M.",J Mech Behav Biomed Mater. 2025 Oct;170:107116. doi: 10.1016/j.jmbbm.2025.107116. Epub 2025 Jun 26.,Tolgyesi A,J Mech Behav Biomed Mater,2025,6/29/25,10.1016/j.jmbbm.2025.107116,,,,,Yes,,,,Super Resolution,microCT,Rats,In Vivo,cGAN; pix2pix; UNet,0.75; 0.75; 190; 0.65
40710452,"Morphometric, Biomechanical and Macromolecular Performances of β-TCP Macro/Micro-Porous Lattice Scaffolds Fabricated via Lithography-Based Ceramic Manufacturing for Jawbone Engineering","Mangano C, Riberti N, Orilisi G, Tecco S, Furlani M, Giommi C, Mengucci P, Giorgini E, Giuliani A.",J Funct Biomater. 2025 Jun 28;16(7):237. doi: 10.3390/jfb16070237.,Mangano C,J Funct Biomater,2025,7/25/25,10.3390/jfb16070237,,Yes,,,,,,,Segmentation,microCT,Human,Ex Vivo,UNet,Not Reported
40738977,Trabecular bone analysis: ultra-high-resolution CT goes far beyond high-resolution CT and gets closer to micro-CT (a study using Canon Medical CT devices),"Gillet R, Puel U, Amer A, Doyen M, Boubaker F, Assabah B, Hossu G, Gillet P, Blum A, Teixeira PAG.",Skeletal Radiol. 2025 Jul 30. doi: 10.1007/s00256-025-05001-5. Online ahead of print.,Gillet R,Skeletal Radiol,2025,7/30/25,10.1007/s00256-025-05001-5,,,,,Yes,,,,Super Resolution,microCT,Human,Ex Vivo,AiCE Bone,only outputs compared still good
,,,,,,,,,,,,,,,,,,,,,,
,,,,,,,,,,,,,,,,,,,,,,
,,,,,,,,,,,,,,,,,,,,,,
,,,,,,,,,,,,,,,,,,,,,,
,,,,,,,,,,,,,,,,,,,,,,
,,,,,,,,,,,,,,,,,,,,,,
,,,,,,,,,,,,,,,,,,,,,,
,,,,,,,,,,,,,,,,,,,,,,
,,,,,,,,,,,,,,,,,,,,,,
,,,,,,,,,,,,,,,,,,,,,,
,,,,,,,,,,,,,,,,,,,,,,
,,,,,,,,,,,,,,,,,,,,,,
,,,,,,,,,,,,,,,,,,,,,,
,,,,,,,,,,,,,,,,,,,,,,
,,,,,,,,,,,,,,,,,,,,,,
,,,,,,,,,,,,,,,,,,,,,,
,,,,,,,,,,,,,,,,,,,,,,